Workbook

Sheet F2100-09
A1: 생산 작업자 현장 직무현황 | Q1: =[4]평가표!Q3 -> 43524
A4: 공정명 | B4: CODE | C4: 이 름 | D4: 사 진 | E4: 현장 직무 평가표 | M4: 평 가 항 목 | R4: 합계 | S4: 등급
M5: 목표 | N5: 작업표준 | O5: 설비관리 | P5: 품질관리 | Q5: 관리
N6: 24 | O6: 24 | P6: 18 | Q6: 34 | R6: 100
A7: 현장 관리자 | B7: 1 | M7: 실적 | N7: =IF($B7="","",VLOOKUP($B7,[4]평가표!$B$7:$AB$102,9,FALSE)) -> 24 | O7: =IF($B7="","",VLOOKUP($B7,[4]평가표!$B$7:$AB$102,14,FALSE)) -> 24 | P7: =IF($B7="","",VLOOKUP($B7,[4]평가표!$B$7:$AB$102,18,FALSE)) -> 18 | Q7: =IF($B7="","",VLOOKUP($B7,[4]평가표!$B$7:$AB$102,25,FALSE)) -> 34 | R7: =IF($B7="","",VLOOKUP($B7,[4]평가표!$B$7:$AB$102,26,FALSE)) -> 100 | S7: =IF($B7="","",VLOOKUP($B7,[4]평가표!$B$7:$AB$102,27,FALSE)) -> A
B8: 2 | M8: 실적 | N8: =IF($B8="","",VLOOKUP($B8,[4]평가표!$B$7:$AB$102,9,FALSE)) -> 23 | O8: =IF($B8="","",VLOOKUP($B8,[4]평가표!$B$7:$AB$102,14,FALSE)) -> 24 | P8: =IF($B8="","",VLOOKUP($B8,[4]평가표!$B$7:$AB$102,18,FALSE)) -> 16 | Q8: =IF($B8="","",VLOOKUP($B8,[4]평가표!$B$7:$AB$102,25,FALSE)) -> 32 | R8: =IF($B8="","",VLOOKUP($B8,[4]평가표!$B$7:$AB$102,26,FALSE)) -> 95 | S8: =IF($B8="","",VLOOKUP($B8,[4]평가표!$B$7:$AB$102,27,FALSE)) -> A
B9: 3 | M9: 실적 | N9: =IF($B9="","",VLOOKUP($B9,[4]평가표!$B$7:$AB$102,9,FALSE)) -> 23 | O9: =IF($B9="","",VLOOKUP($B9,[4]평가표!$B$7:$AB$102,14,FALSE)) -> 24 | P9: =IF($B9="","",VLOOKUP($B9,[4]평가표!$B$7:$AB$102,18,FALSE)) -> 18 | Q9: =IF($B9="","",VLOOKUP($B9,[4]평가표!$B$7:$AB$102,25,FALSE)) -> 32 | R9: =IF($B9="","",VLOOKUP($B9,[4]평가표!$B$7:$AB$102,26,FALSE)) -> 97 | S9: =IF($B9="","",VLOOKUP($B9,[4]평가표!$B$7:$AB$102,27,FALSE)) -> A
B10: 4 | M10: 실적 | N10: =IF($B10="","",VLOOKUP($B10,[4]평가표!$B$7:$AB$102,9,FALSE)) -> 22 | O10: =IF($B10="","",VLOOKUP($B10,[4]평가표!$B$7:$AB$102,14,FALSE)) -> 19 | P10: =IF($B10="","",VLOOKUP($B10,[4]평가표!$B$7:$AB$102,18,FALSE)) -> 15 | Q10: =IF($B10="","",VLOOKUP($B10,[4]평가표!$B$7:$AB$102,25,FALSE)) -> 31 | R10: =IF($B10="","",VLOOKUP($B10,[4]평가표!$B$7:$AB$102,26,FALSE)) -> 87 | S10: =IF($B10="","",VLOOKUP($B10,[4]평가표!$B$7:$AB$102,27,FALSE)) -> A
B11: 5 | M11: 실적 | N11: =IF($B11="","",VLOOKUP($B11,[4]평가표!$B$7:$AB$102,9,FALSE)) -> 21 | O11: =IF($B11="","",VLOOKUP($B11,[4]평가표!$B$7:$AB$102,14,FALSE)) -> 20 | P11: =IF($B11="","",VLOOKUP($B11,[4]평가표!$B$7:$AB$102,18,FALSE)) -> 15 | Q11: =IF($B11="","",VLOOKUP($B11,[4]평가표!$B$7:$AB$102,25,FALSE)) -> 29 | R11: =IF($B11="","",VLOOKUP($B11,[4]평가표!$B$7:$AB$102,26,FALSE)) -> 85 | S11: =IF($B11="","",VLOOKUP($B11,[4]평가표!$B$7:$AB$102,27,FALSE)) -> A
B12: 6 | M12: 실적 | N12: =IF($B12="","",VLOOKUP($B12,[4]평가표!$B$7:$AB$102,9,FALSE)) -> 23 | O12: =IF($B12="","",VLOOKUP($B12,[4]평가표!$B$7:$AB$102,14,FALSE)) -> 24 | P12: =IF($B12="","",VLOOKUP($B12,[4]평가표!$B$7:$AB$102,18,FALSE)) -> 17 | Q12: =IF($B12="","",VLOOKUP($B12,[4]평가표!$B$7:$AB$102,25,FALSE)) -> 29 | R12: =IF($B12="","",VLOOKUP($B12,[4]평가표!$B$7:$AB$102,26,FALSE)) -> 93 | S12: =IF($B12="","",VLOOKUP($B12,[4]평가표!$B$7:$AB$102,27,FALSE)) -> A
